{
  "version": 1,
  "author": "Michael Monteiro de Lima",
  "editor": "wokwi",
  "parts": [
    {
      "type": "wokwi-esp32-devkit-v1",
      "id": "esp",
      "top": -46.09,
      "left": 68.63,
      "rotate": 270,
      "attrs": {}
    },
    { "type": "board-ssd1306", "id": "oled1", "top": -107.81, "left": -20.6, "attrs": {} },
    {
      "type": "wokwi-dht22",
      "id": "dht1",
      "top": -230.54,
      "left": 142.76,
      "attrs": { "temperature": "62.7" }
    },
    {
      "type": "wokwi-resistor",
      "id": "r1",
      "top": -70.53,
      "left": 138.15,
      "rotate": 270,
      "attrs": { "value": "1000" }
    }
  ],
  "connections": [
    [ "esp:TX0", "$serialMonitor:RX", "", [] ],
    [ "esp:RX0", "$serialMonitor:TX", "", [] ],
    [ "oled1:GND", "esp:GND.1", "black", [ "v-48.66", "h85.84", "v151.25", "h63.22" ] ],
    [ "dht1:VCC", "esp:3V3", "red", [ "v98.29", "h18.37" ] ],
    [ "r1:1", "esp:3V3", "gray", [ "h0" ] ],
    [ "r1:2", "dht1:SDA", "gray", [ "h0" ] ],
    [ "dht1:SDA", "esp:D15", "blue", [ "v18.14", "h-18.1", "v86.22", "h6.68" ] ],
    [ "dht1:GND", "esp:GND.1", "black", [ "v116.84", "h-19.93" ] ],
    [ "oled1:SCL", "esp:D22", "white", [ "v-26.87", "h54.93", "v111.85", "h-39.77" ] ],
    [ "esp:D21", "oled1:SDA", "gold", [ "v-20.06", "h32.08", "v-109.97", "h-66.31" ] ],
    [ "oled1:VCC", "esp:3V3", "red", [ "v-34.31", "h97.54", "v126.23", "h50.78" ] ]
  ],
  "dependencies": {}
}